;pcaFeatures;Path
0;[40.276648371234046,-361.9126634644415];s3://oc-ds-p8-fruits-project/data_5/carrot_1/r0_2.jpg
1;[36.45672220797921,-360.944769369435];s3://oc-ds-p8-fruits-project/data_5/carrot_1/r0_0.jpg
2;[-99.69773763957222,144.13041243593253];s3://oc-ds-p8-fruits-project/data_5/apple_6/r0_0.jpg
3;[563.6885180070859,38.06462277671891];s3://oc-ds-p8-fruits-project/data_5/eggplant_violet_1/r0_48.jpg
4;[-98.71653119487925,145.07954537638045];s3://oc-ds-p8-fruits-project/data_5/apple_6/r0_48.jpg
